Parameter,Brown,Green,Blue
ranking,1.06615,2.0279,2.90595
mean,25.586605,26.928288,28.163975
normalised_mean,1.0,1.05277342344,1.1010656119
median,25.35,26.9,28.4
SEM,0.43912130944,0.702850944363,0.546998850713
