Parameter,Brown,Green,Blue
mean,25.59083875,26.925676,28.158095
median,25.35,26.9,28.4
