Parameter,Brown,Green,Blue
median,25.35,26.9,28.4
mean,25.59076,26.925832,28.171925
