Parameter,Brown,Green,Blue
mean,25.58427375,26.91696,28.1622566667
median,25.35,26.9,28.4
