Parameter,Brown,Green,Blue
mean,25.59039125,26.918722,28.1694866667
median,25.35,26.9,28.4
