Parameter,Brown,Green,Blue
mean,25.59557375,26.91627,28.1668933333
median,25.35,26.9,28.4
